{
"Linha 1" : {
    "Jabaquara": [-23.646192761481256, -46.64078624746874],
    "Conceição" : [-23.6352011398096, -46.64127935884807],
    "São Judas": [-23.62564102871905, -46.640829791457946],
    "Saúde": [-23.618517991417775, -46.639456502041845],
    "Praça da Árvore": [-23.610480994389803, -46.63797064256262],
    "Santa Cruz": [-23.598905628630817, -46.63684842294054],
    "Vila Mariana": [-23.589465288682486, -46.63448044216734],
    "Ana Rosa": [-23.58152428143232, -46.63865794230093],
    "Paraíso": [-23.57515238806918, -46.640302063525844],
    "Vergueiro": [-23.568846377799737, -46.63997025089094],
    "São Joaquim": [-23.56187620588975, -46.638680652700444],
    "Liberdade": [-23.555283901598738, -46.63568594793357],
    "Sé": [-23.550050490317716, -46.63333701693324],
    "São Bento": [-23.544327990004213, -46.63417181181576],
    "Luz": [-23.53642049632186, -46.63443799708169],
    "Tiradentes": [-23.53083079419442, -46.632527992518135],
    "Armênia": [-23.525429319350476, -46.62930858229712],
    "Tietê": [-23.51609540349145, -46.62523750861599],
    "Carandiru": [-23.509145210317584, -46.62494039466291],
    "Santana": [-23.502583989326283, -46.62478847947767],
    "Jardim São Paulo": [-23.492299211292657, -46.616652423602645],
    "Parada Inglesa": [-23.486938715772876, -46.608911596281594],
    "Turucuvi": [-23.480490020389247, -46.6037041987137]
},

"Linha 3" : {
    "Itaquera": [-23.54230114230722, -46.47120846034413],
    "Artur Alvim": [-23.54051878183694, -46.4843867301194],
    "Patriarca": [-23.531165254760708, -46.501494444941635],
    "Guilhermina-Esperança": [-23.529302242697216, -46.51661800784152],
    "Vila Matilde": [-23.531893854102833, -46.53090358114715],
    "Penha": [-23.533502589591585, -46.542587325193466],
    "Carrão": [-23.53787640402966, -46.56413318002218],
    "Tatuapé": [-23.540242264389526, -46.57627649845593],
    "Belém": [-23.54271847055274, -46.58963519877425],
    "Bresser-Mooca": [-23.546391911147495, -46.60727687408204],
    "Brás": [-23.547851821507972, -46.61588727073854],
    "Pedro II": [-23.549644150847474, -46.625922987508794],
    "Sé": [-23.55006194465088, -46.63331712202005],
    "Anhangabaú": [-23.547841258500924, -46.63882763434268],
    "República": [-23.544209065419686, -46.64299454267696],
    "Santa Cecília": [-23.53910934099753, -46.6493322967991],
    "Marechal Deodoro": [-23.533888082831336, -46.65567379373962],
    "Barra Funda": [-23.525474345292817, -46.66730101274325]
},

"Linha 2" : {
    "Cerro Corá": [-23.540735132909848, -46.70123180842492],
    "Vila Madalena": [-23.546581644984514, -46.69076763564145],
    "Sumaré": [-23.55077640937112, -46.677932303337364],
    "Clínicas": [-23.55424686579352, -46.67098356253453],
    "Consolação": [-23.557820230548337, -46.66064338356782],
    "Trianon-MASP": [-23.563610507084253, -46.65380862822179],
    "Brigadeiro": [-23.56886081176632, -46.64746023382896],
    "Paraíso": [-23.5751719245121, -46.64031063103577],
    "Ana Rosa": [-23.581562171585084, -46.63877047227491],
    "Chácara Klabin": [-23.592766198707004, -46.63053643464855],
    "Imigrantes": [-23.595866473128915, -46.620735641285656],
    "Alto do Ipiranga": [-23.60201368682287, -46.612490003878904],
    "Sacomã": [-23.6016276913621, -46.6030572733103],
    "Tamanduateí": [-23.593093467896704, -46.58979969599948],
    "Vila Prudente": [-23.584348156894606, -46.581931576683864],
    "Orfanato": [-23.578112366404277, -46.57620697921308],
    "Santa Clara": [-23.574076329899068, -46.566837530296006],
    "Anália Franco": [-23.563815021564906, -46.55970986406],
    "Vila Formosa": [-23.562458565351843, -46.551511424845785],
    "Santa Isabel": [-23.554978155647518, -46.545316216308144],
    "Guilherme Giorgi": [-23.548045001677337, -46.54142827149596],
    "Aricanduva": [-23.539892892997045, -46.54070257967227],
    "Penha": [-23.533527895423546, -46.54259000719241]
},

"Linha 5" : {
    "Capão Redondo": [-23.65932411120718, -46.76809236693329],
    "Campo Limpo": [-23.64921095812136, -46.75890862279617],
    "Vila das Belezas": [-23.640210812826673, -46.74565377518289],
    "Giovanni Gronchi": [-23.643944537277477, -46.73408910752503],
    "Santo Amaro": [-23.655756954806197, -46.721686973439446],
    "Largo Treze": [-23.654521393209905, -46.71086965724628],
    "Adolfo Pinheiro": [-23.649987785243955, -46.70433169339412],
    "Alto da Boa Vista": [-23.641452144215407, -46.699037086741235],
    "Borba Gato": [-23.633403859349542, -46.69283152974241],
    "Brooklin": [-23.62631511772055, -46.68791287392169],
    "Campo Belo": [-23.6185176967355, -46.68211900335234],
    "Eucaliptos": [-23.60965064651782, -46.6683728797647],
    "Moema": [-23.60372738181456, -46.66198366428819],
    "AACD-Servidor": [-23.59732688828019, -46.65228814842251],
    "Hospital São Paulo": [-23.59834095720125, -46.645584874824046],
    "Santa Cruz": [-23.59890715814078, -46.63680326917562],
    "Chácara Klabin": [-23.592764358498354, -46.63039947097071]
},

"Linha 6" : {
    "Brasilândia": [-23.470351248339234, -46.69804986217043],
    "Maristela": [-23.477084363407428, -46.699189809305594],
    "Itaberaba - Hospital Vila Penteado": [-23.486502514512743, -46.692683528030514],
    "João Paulo I": [-23.49302280680866, -46.69143213380118],
    "Freguesia do Ó": [-23.50248555148663, -46.694139688591484],
    "Santa Marina": [-23.509282619564214, -46.69387778063154],
    "Água Branca": [-23.521341960626472, -46.68846064539151],
    "SESC–Pompeia": [-23.526968202898697, -46.68320639819186],
    "Perdizes": [-23.53242577344772, -46.676476454303575],
    "Cardoso de Almeida": [-23.538954170434543, -46.66893867433063],
    "Pacaembu": [-23.54617775887387, -46.66265839999762],
    "Higienópolis": [-23.54896635123922, -46.65223442496534],
    "14 Bis": [-23.555987208407668, -46.64933662723676],
    "Bela Vista": [-23.561733459512624, -46.64472155144193],
    "São Joaquim": [-23.56187620588975, -46.638680652700444]
},


"Linha 7" : {
    "Barra Funda": [-23.52546773037248, -46.66739256505406],
    "Água Branca": [-23.52137341870587, -46.68845896440984],
    "Lapa" : [-23.517628445775166, -46.70360939363981],
    "Piqueri": [-23.503998563047762, -46.71482964861129],
    "Pirituba": [-23.48794662580913, -46.72631260049681],
    "Vila Clarice": [-23.47007300044611, -46.74433524728316],
    "Jaraguá" : [-23.45517106323482, -46.738672671186656],
    "Vila Aurora": [-23.437638913655345, -46.74730778963864],
    "Perus": [-23.405091350736406, -46.75352914921578],
    "Caieiras" : [-23.366221540305485, -46.751526663833005],
    "Franco da Rocha": [-23.329674248501696, -46.72638115295966],
    "Baltazar Fidélis": [-23.310058993259304, -46.72383439630251],
    "Francisco Morato" : [-23.282575732761952, -46.742270494742236]},

"Linha 8" : {
    "Júlio Prestes": [-23.534072344601366, -46.63987460021577],
    "Barra Funda": [-23.52545494664975, -46.66744728726974],
    "Lapa": [-23.52031952485811, -46.698941206778144],
    "Domingos de Moraes": [-23.519136972688866, -46.72158478941093],
    "Imperatriz Leopoldina": [-23.5237712102841, -46.73756210556336],
    "Presidente Altino": [-23.531260113911706, -46.76179236206308],
    "Osasco": [-23.5277679933454, -46.775938534333584],
    "Comandante Sampaio": [-23.525683730192778, -46.79572494974754],
    "Quitaúna": [-23.522915461489646, -46.80719980643893],
    "General Miguel Costa": [-23.523566235672305, -46.81529652344269],
    "Carapicuíba": [-23.51869919695022, -46.83565699458383],
    "Santa Terezinha": [-23.516568590576234, -46.84799702352124],
    "Antônio João": [-23.517186080804294, -46.85809844252517],
    "Barueri": [-23.512844515408766, -46.87555709721922],
    "Jardim Belval": [-23.51434720396661, -46.88935038251313],
    "Jardim Silveira": [-23.52348017587731, -46.89343507146563],